Row	TCR+V	p_BH	TCR_sharing	HLA $\cap$ TCRs	HLA	chain	Attribute	v_call	junction_aa
2868	CASSIRSSYEQYF+TRBV19	5.828882613185719e-93	322.0	286.0	A*02:01	beta	Overrepresented	CASSIRSSYEQYF	TRBV19
2869	CSVGTGGTNEKLFF+TRBV29	1.7385585955219336e-84	250.0	236.0	A*02:01	beta	Overrepresented	CSVGTGGTNEKLFF	TRBV29
2870	CASSIRSAYEQYF+TRBV19	7.512672667733211e-50	166.0	157.0	A*02:01	beta	Overrepresented	CASSIRSAYEQYF	TRBV19
2871	CSARDGTGNGYTF+TRBV20	7.504383383487074e-47	138.0	135.0	A*02:01	beta	Overrepresented	CSARDGTGNGYTF	TRBV20
2872	CSARDRTGNGYTF+TRBV20	8.746264554421024e-45	148.0	141.0	A*02:01	beta	Overrepresented	CSARDRTGNGYTF	TRBV20
2874	CASSEDGMNTEAFF+TRBV10	2.0976525458499446e-38	120.0	117.0	A*02:01	beta	Overrepresented	CASSEDGMNTEAFF	TRBV10
2876	CSVGSGGTNEKLFF+TRBV29	5.579374299613262e-35	111.0	108.0	A*02:01	beta	Overrepresented	CSVGSGGTNEKLFF	TRBV29
2877	CASSVRSSYEQYF+TRBV19	6.370092155657129e-35	108.0	106.0	A*02:01	beta	Overrepresented	CASSVRSSYEQYF	TRBV19
2879	CASSQSPGGTQYF+TRBV14	1.7548534451435472e-34	107.0	105.0	A*02:01	beta	Overrepresented	CASSQSPGGTQYF	TRBV14
2880	CASSLEGQASSYEQYF+TRBV5	4.4625344503116364e-34	113.0	109.0	A*02:01	beta	Overrepresented	CASSLEGQASSYEQYF	TRBV5
2888	CASRDGELFF+TRBV6	2.269202826153697e-27	121.0	110.0	A*02:01	beta	Overrepresented	CASRDGELFF	TRBV6
2889	CASSTRSSYEQYF+TRBV19	2.3224026417024524e-27	124.0	112.0	A*02:01	beta	Overrepresented	CASSTRSSYEQYF	TRBV19
2890	CASSLGPNTEAFF+TRBV12	9.70148820845304e-27	184.0	149.0	A*02:01	beta	Overrepresented	CASSLGPNTEAFF	TRBV12
2891	CSARVGVGNTIYF+TRBV20	2.2297048777714126e-26	105.0	98.0	A*02:01	beta	Overrepresented	CSARVGVGNTIYF	TRBV20
2895	CASSELAGGPQETQYF+TRBV6	3.1045320995118184e-25	80.0	79.0	A*02:01	beta	Overrepresented	CASSELAGGPQETQYF	TRBV6
2900	CASSQSPGGIQYF+TRBV14	6.168000683377971e-23	70.0	70.0	A*02:01	beta	Overrepresented	CASSQSPGGIQYF	TRBV14
2901	CASSESWGPYEQYF+TRBV10	2.0201474398331041e-22	73.0	72.0	A*02:01	beta	Overrepresented	CASSESWGPYEQYF	TRBV10
2902	CASSGRSTDTQYF+TRBV19	2.408947016427595e-21	99.0	90.0	A*02:01	beta	Overrepresented	CASSGRSTDTQYF	TRBV19
2907	CASSVGGDYGYTF+TRBV9	2.1089230147296674e-20	251.0	177.0	A*02:01	beta	Overrepresented	CASSVGGDYGYTF	TRBV9
2908	CASSSRSSYEQYF+TRBV19	2.1089230147296674e-20	117.0	101.0	A*02:01	beta	Overrepresented	CASSSRSSYEQYF	TRBV19
2911	CASSYQGGNYGYTF+TRBV6	9.558252003152238e-20	141.0	115.0	A*02:01	beta	Overrepresented	CASSYQGGNYGYTF	TRBV6
2912	CASSVGGGTYEQYF+TRBV9	1.0498733289430744e-19	291.0	196.0	A*02:01	beta	Overrepresented	CASSVGGGTYEQYF	TRBV9
2914	CASSLDGPLDEQYF+TRBV7	9.764437396313065e-19	59.0	59.0	A*02:01	beta	Overrepresented	CASSLDGPLDEQYF	TRBV7
2916	CASSQEGGGGYEQYF+TRBV4	1.6485425782135236e-18	98.0	87.0	A*02:01	beta	Overrepresented	CASSQEGGGGYEQYF	TRBV4
2924	CSARDRVGNTIYF+TRBV20	1.2142333863766129e-17	159.0	123.0	A*02:01	beta	Overrepresented	CSARDRVGNTIYF	TRBV20
2928	CASSTRSAYEQYF+TRBV19	3.122307325054808e-17	55.0	55.0	A*02:01	beta	Overrepresented	CASSTRSAYEQYF	TRBV19
2929	CASSDSELETQYF+TRBV2	4.371230255076731e-17	55.0	55.0	A*02:01	beta	Overrepresented	CASSDSELETQYF	TRBV2
2931	CASSYGQNTGELFF+TRBV6	1.3032062393738336e-16	213.0	151.0	A*02:01	beta	Overrepresented	CASSYGQNTGELFF	TRBV6
2937	CASSVGGGTEAFF+TRBV9	1.153285045908653e-15	507.0	287.0	A*02:01	beta	Overrepresented	CASSVGGGTEAFF	TRBV9
2952	CASSTRSTDTQYF+TRBV19	3.759713299061736e-14	76.0	68.0	A*02:01	beta	Overrepresented	CASSTRSTDTQYF	TRBV19
2954	CASSIRSTGELFF+TRBV19	9.012022851305645e-14	111.0	90.0	A*02:01	beta	Overrepresented	CASSIRSTGELFF	TRBV19
2955	CASSQGQGRYEQYF+TRBV4	1.0132069026394173e-13	131.0	102.0	A*02:01	beta	Overrepresented	CASSQGQGRYEQYF	TRBV4
2956	CSVGQGGTNEKLFF+TRBV29	1.5131467718237974e-13	92.0	78.0	A*02:01	beta	Overrepresented	CSVGQGGTNEKLFF	TRBV29
2960	CSARDSTGNGYTF+TRBV20	3.517203238988116e-13	61.0	57.0	A*02:01	beta	Overrepresented	CSARDSTGNGYTF	TRBV20
2963	CSVGAGGTNEKLFF+TRBV29	6.20554138055681e-13	53.0	51.0	A*02:01	beta	Overrepresented	CSVGAGGTNEKLFF	TRBV29
2980	CASSRQGGNYGYTF+TRBV6	5.187889707612181e-12	123.0	95.0	A*02:01	beta	Overrepresented	CASSRQGGNYGYTF	TRBV6
2981	CASSLDGPLDEQFF+TRBV7	6.106960927204274e-12	42.0	42.0	A*02:01	beta	Overrepresented	CASSLDGPLDEQFF	TRBV7
2982	CSARDRGIGNTIYF+TRBV20	6.202811811789505e-12	54.0	51.0	A*02:01	beta	Overrepresented	CSARDRGIGNTIYF	TRBV20
2985	CASSPDSGGYGYTF+TRBV5	8.449356899280806e-12	43.0	43.0	A*02:01	beta	Overrepresented	CASSPDSGGYGYTF	TRBV5
2998	CASSGRSTGELFF+TRBV19	3.404299240752217e-11	40.0	40.0	A*02:01	beta	Overrepresented	CASSGRSTGELFF	TRBV19
3009	CASSSGPNTEAFF+TRBV12	9.821936190776551e-11	75.0	64.0	A*02:01	beta	Overrepresented	CASSSGPNTEAFF	TRBV12
3013	CSARDQTGNGYTF+TRBV20	1.0882912748253315e-10	47.0	45.0	A*02:01	beta	Overrepresented	CSARDQTGNGYTF	TRBV20
3022	CASSSANYGYTF+TRBV12	2.2221136804456559e-10	108.0	84.0	A*02:01	beta	Overrepresented	CASSSANYGYTF	TRBV12
3027	CASSVGGGDYGYTF+TRBV9	3.1634530729670463e-10	163.0	114.0	A*02:01	beta	Overrepresented	CASSVGGGDYGYTF	TRBV9
3028	CASSSRSAYEQYF+TRBV19	3.3314872235741007e-10	37.0	37.0	A*02:01	beta	Overrepresented	CASSSRSAYEQYF	TRBV19
3029	CASSIGVYGYTF+TRBV19	4.2101134230607165e-10	152.0	108.0	A*02:01	beta	Overrepresented	CASSIGVYGYTF	TRBV19
3030	CASSIRSTDTQYF+TRBV19	4.2101134230607165e-10	163.0	114.0	A*02:01	beta	Overrepresented	CASSIRSTDTQYF	TRBV19
3032	CSARDRGLGNTIYF+TRBV20	5.85666596942311e-10	70.0	60.0	A*02:01	beta	Overrepresented	CSARDRGLGNTIYF	TRBV20
3047	CASSVGGGTGELFF+TRBV9	2.028005726215725e-09	271.0	167.0	A*02:01	beta	Overrepresented	CASSVGGGTGELFF	TRBV9
3056	CASSVVPSSYEQYF+TRBV9	4.808556683228973e-09	100.0	77.0	A*02:01	beta	Overrepresented	CASSVVPSSYEQYF	TRBV9







